{"cameraMode":{"drawMode":0,"name":"Shaded","section":"Shading Mode"},"sceneLighting":true,"audioPlay":false,"sceneViewState":{"showFog":true,"showMaterialUpdate":false,"showSkybox":true,"showFlares":true,"showImageEffects":true,"showParticleSystems":true},"in2DMode":false,"pivot":{"x":44.12940979003906,"y":2.821563482284546,"z":54.07958984375},"rotation":{"x":0.01908719539642334,"y":-0.971446692943573,"z":0.2211236208677292,"w":0.0838550552725792},"size":4.527529239654541,"orthographic":false}