{"cameraMode":{"drawMode":0,"name":"Shaded","section":"Shading Mode"},"sceneLighting":true,"audioPlay":false,"sceneViewState":{"showFog":true,"showMaterialUpdate":false,"showSkybox":true,"showFlares":true,"showImageEffects":true,"showParticleSystems":true},"in2DMode":false,"pivot":{"x":39.205989837646487,"y":3.283606767654419,"z":57.342376708984378},"rotation":{"x":0.003984048962593079,"y":0.3089607357978821,"z":0.0012938791187480093,"w":-0.9510790705680847},"size":1.2951269149780274,"orthographic":false}