{"cameraMode":{"drawMode":0,"name":"Shaded","section":"Shading Mode"},"sceneLighting":false,"audioPlay":false,"sceneViewState":{"showFog":true,"showMaterialUpdate":false,"showSkybox":false,"showFlares":true,"showImageEffects":true,"showParticleSystems":true},"in2DMode":false,"pivot":{"x":67.97727966308594,"y":1.3197139501571656,"z":31.36969757080078},"rotation":{"x":-0.10706499218940735,"y":-0.8712620735168457,"z":0.4260577857494354,"w":-0.2190217822790146},"size":2.580695390701294,"orthographic":false}