{"cameraMode":{"drawMode":0,"name":"Shaded","section":"Shading Mode"},"sceneLighting":false,"audioPlay":false,"sceneViewState":{"showFog":true,"showMaterialUpdate":false,"showSkybox":false,"showFlares":true,"showImageEffects":true,"showParticleSystems":true},"in2DMode":false,"pivot":{"x":0.032225608825683597,"y":4.866784572601318,"z":0.16722404956817628},"rotation":{"x":0.15408675372600556,"y":-0.19427216053009034,"z":0.030915765091776849,"w":0.9682837724685669},"size":6.17375373840332,"orthographic":false}